{"robots": {"blueRobot": {"pos": [1, 0, -1]}, "redRobot": {"pos": [1, 0, 1]}}, "blocks": [[0.011120044494600356, 0.6676378265326154], [-0.8151059459664435, -0.21375586580712425], [0.41707377053337047, -0.9084776420290499]]}