{"robots": {"blueRobot": {"pos": [1, 0, -1]}, "redRobot": {"pos": [1, 0, 1]}}, "blocks": [[0.011113134842929528, 0.667637806546963], [-0.8151058245512405, -0.21376303639622252], [0.9777177276276046, 0.25620602379275703], [0.4170738622283048, -0.9084797894965662], [-1.0747954764842247, 0.9544866146735327], [-0.9479851375972389, -0.487552452972572], [0.36976942300069954, -0.8495007252472905], [0.9525085075163965, 0.30982841859753313], [0.9753211420289523, 0.6843471181957803], [0.07658713286935392, 1.0641589566303922], [0.19509338233102036, -0.8610275597028371], [-1.1265974461297943, 0.9545186714940437], [-0.9635667496462761, -0.5459510702392733]]}