{"robots": {"blueRobot": {"pos": [1, 0, 1]}, "redRobot": {"pos": [1, 0, -1]}}, "blocks": [[0.9767013511163797, 0.2907218789265934], [0.9927946482882878, 0.6820057605220249], [1.0724435425298458, 0.9033923398737056], [0.10096400453204374, 1.0581629836584507], [-1.0751058381138103, 0.9911281511165891], [-0.8269038872497394, -0.19266917835723835], [-0.99687218717961, -0.48676792291712934], [0.3665157205349134, -0.8912032678789481]]}