{"robots": {"blueRobot": {"pos": [1, 0, 1]}, "redRobot": {"pos": [1, 0, -1]}}, "blocks": [[0.8893815640303564, 0.8807704747364091], [0.04634076407447252, 0.707041793430764], [0.010828414957200605, 0.6716271997792398], [-0.9613312257225268, -0.5024384493441406]]}