{"robots": {"blueRobot": {"pos": [1, 0, -1]}, "redRobot": {"pos": [1, 0, 1]}}, "blocks": [[0.011120044494600356, 0.6676378265326154], [-0.8151059459664435, -0.21375586580712425], [0.41707377053337047, -0.9084776420290499], [0.9924129293792023, 0.2648883916985384], [0.9771584494286797, 0.6618759576883858], [0.0904938206995845, 1.051027555871], [-1.0595884118224839, 0.9999306152030341], [-0.9796233196641445, -0.4751611669066149], [0.2413832049523585, -0.8540438031151449], [0.7491531221035939, -0.9721826581954311], [0.13891119379472738, 1.079222587054894], [0.08458340026211209, 0.6884917153563467], [0.6273440106381214, -0.9443661930930406], [0.5823416837654787, -0.00929759377138406], [-0.08233001513848337, 0.2566832047734703], [0.29916401249000035, -0.5186835895751227], [-0.49692014756175235, 0.6930851656129364], [0.602242299539292, 0.07374101934647048], [-0.5225944801102418, 0.6423551510411192], [-0.9598073612342818, -0.5393180058204105], [-0.1411774122997833, -0.8811228532446695], [0.12974418985179503, 0.09828655133306119], [-0.6680388806828205, -1.0497295673436835], [1.0092610580016101, 0.45126434701623164], [-0.9249261934547282, 0.3783433850366411], [0.381901339365369, -0.8705108057214705], [-0.501440961788447, 0.9935739532855378], [-0.9712083895733608, 0.34821814580225774], [-0.5146723420533156, 0.25076391827614164], [-1.0352167201612286, 1.0727026130654653], [-0.5627910325145262, 0.8079619490747795], [-0.500911533637278, -0.3513383776326244], [-0.27701588042967673, 0.38684421964743454], [0.43486258257841637, -0.838771099920539], [-0.9750484890249891, -0.39332952990517145], [-1.0723576571538174, -0.2715936842440381], [0.6196508250241585, -0.8310967517422547]]}
