{"robots": {"blueRobot": {"pos": [1, 0, 1]}, "redRobot": {"pos": [1, 0, -1]}}, "blocks": [[0.9979682970261075, 0.25658341141122665], [0.046315069995146785, 0.7112611860686336], [-0.815203742833384, -0.20516603898756414]]}