{"robots": {"blueRobot": {"pos": [1, 0, 1]}, "redRobot": {"pos": [1, 0, -1]}}, "blocks": [[0.8734843199377504, 0.8805619448429851], [0.04658754381084795, 0.6691309312075077], [-0.8151674467264016, -0.20825588032408948], [-0.9602506009459247, -0.5485934788826339], [0.9810375923552002, 0.27099798848625845], [0.994959997995075, 0.6669622685438688], [0.10464152547854119, 1.0535963335401257], [0.8625992803853394, 0.9624870061200701], [0.3011600358217693, -1.1103742010763957], [0.4170144319870326, -0.9062040936696266]]}