{"robots": {"blueRobot": {"pos": [1, 0, 1]}, "redRobot": {"pos": [1, 0, -1]}}, "blocks": [[0.873484319937753, 0.8805619448429852], [0.04658754381084751, 0.6691309312075396], [-0.8151674467264016, -0.20825588032407205], [-0.9602506017599665, -0.5485934790532965], [0.9810373452785566, 0.2709979837114914], [0.99495970498176, 0.6669622638590417], [0.1046412267521068, 1.0535963303297016], [0.8625992814998025, 0.962487571460588], [0.31509930573100264, -1.1112412997321741]]}