{"robots": {"blueRobot": {"pos": [1, 0, 1]}, "redRobot": {"pos": [1, 0, -1]}}, "blocks": [[0.04658754381084784, 0.6691309312074828], [-0.8151674467264013, -0.20825588032410158], [0.13784041526820634, 1.0958407117363556]]}