{"robots": {"blueRobot": {"pos": [1, 0, 1]}, "redRobot": {"pos": [1, 0, -1]}}, "blocks": [[-0.8151674467264014, -0.20825588032407927], [0.4170144319870328, -0.9062040936696225], [0.3636634225441334, -0.8570590269120167], [0.9634126691025724, 0.30917738728465527], [0.9564692960892622, 0.7006930578293045], [0.08936736570978543, 1.0811269565492534], [-1.0667986549239887, 0.9849723980741045]]}