{"robots": {"blueRobot": {"pos": [1, 0, 1]}, "redRobot": {"pos": [1, 0, -1]}}, "blocks": [[-1.0621537455203451, 0.997296595173507], [-0.9866744880830345, -0.4746573383846455], [0.9679936850068886, 0.30475577567408285]]}
