{"robots": {"blueRobot": {"pos": [1, 0, -1]}, "redRobot": {"pos": [1, 0, 1]}}, "blocks": [[0.011120044494600356, 0.6676378265326154], [-0.8151059459664435, -0.21375586580712425], [0.41707377053337047, -0.9084776420290499], [0.9924129293792023, 0.2648883916985384], [0.9771584494286797, 0.6618759576883858], [0.0904938206995845, 1.051027555871], [-1.0595884118224839, 0.9999306152030341], [-0.9796233196641445, -0.4751611669066149], [0.2413832049523585, -0.8540438031151449], [0.7491531221035939, -0.9721826581954311], [0.13891119379472738, 1.079222587054894], [0.08458340026211209, 0.6884917153563467], [0.6273440106381214, -0.9443661930930406], [0.5823416837654787, -0.00929759377138406], [-0.08233001513848337, 0.2566832047734703], [0.29916401249000035, -0.5186835895751227], [-0.49692014756175235, 0.6930851656129364], [0.602242299539292, 0.07374101934647048], [0.013598365948440883, 0.7470360575705498], [-0.15007959668236792, -0.11791779419256332], [0.4118952597169613, -0.7801342837390312], [0.3094726303399944, 0.08459241279577767], [-0.5816355634110997, 0.3165442029324107], [0.27867537067536674, 0.029189495030018886], [-0.3823749786746161, 0.0796214193883582], [0.4095384829258386, -0.7187815576923534], [-0.3585435558427934, 0.14641392178526103], [0.42821123410211615, -0.665189999815468], [-0.9199387045189402, -0.7216361385858479], [-1.115548756836569, 0.9509088236141906]]}