{"robots": {"blueRobot": {"pos": [1, 0, 1]}, "redRobot": {"pos": [1, 0, -1]}}, "blocks": [[0.9767013511160929, 0.290721878926592], [0.9927946482881725, 0.682005760522024], [1.0724435425713457, 0.9033923399049115], [0.10096400453199997, 1.0581629836584496], [-1.0751058381138083, 0.9911281511164648], [-0.9968721871794263, -0.4867679229171288], [0.36651572053491277, -0.8912032678787051]]}