{"robots": {"blueRobot": {"pos": [1, 0, 1]}, "redRobot": {"pos": [1, 0, -1]}}, "blocks": [[0.9767013511163359, 0.2907218789265931], [0.9927946482882707, 0.6820057605220247], [1.0724435425298262, 0.9033923398737053], [0.10096400453203132, 1.0581629836584507], [-1.0751058381138097, 0.9911281511165625], [-0.8269038872496495, -0.1926691783572378], [-0.9968721871795719, -0.48676792291712956], [0.3665157205349132, -0.8912032678789357]]}