{"robots": {"blueRobot": {"pos": [1, 0, -1]}, "redRobot": {"pos": [1, 0, 1]}}, "colours": {"blue": [[10, 27, 14]], "red": []}, "blocks": [[0.011120044494600356, 0.6676378265326154], [-0.8151059459664435, -0.21375586580712425], [0.41707377053337047, -0.9084776420290499], [0.9924129293792023, 0.2648883916985384], [0.9771584494286797, 0.6618759576883858], [0.0904938206995845, 1.051027555871], [-1.0595884118224839, 0.9999306152030341], [-0.9796233196641445, -0.4751611669066149], [0.2413832049523585, -0.8540438031151449], [0.7491531221035939, -0.9721826581954311], [0.13891119379472738, 1.079222587054894], [0.08458340026211209, 0.6884917153563467], [0.6273440106381214, -0.9443661930930406], [0.5823416837654787, -0.00929759377138406], [-0.08233001513848337, 0.2566832047734703], [0.29916401249000035, -0.5186835895751227], [-0.49692014756175235, 0.6930851656129364], [0.602242299539292, 0.07374101934647048], [-0.5225944801102418, 0.6423551510411192], [-0.9598073612342818, -0.5393180058204105], [-0.1411774122997833, -0.8811228532446695], [0.12974418985179503, 0.09828655133306119], [-0.6680388806828205, -1.0497295673436835], [1.0092610580016101, 0.45126434701623164], [-0.9249261934547282, 0.3783433850366411], [0.381901339365369, -0.8705108057214705], [-0.501440961788447, 0.9935739532855378], [-0.9712083895733608, 0.34821814580225774], [-0.5146723420533156, 0.25076391827614164], [-1.0352167201612286, 1.0727026130654653], [-0.5627910325145262, 0.8079619490747795], [-0.500911533637278, -0.3513383776326244], [-0.27701588042967673, 0.38684421964743454], [0.43486258257841637, -0.838771099920539], [-0.9750484890249891, -0.39332952990517145], [-1.0723576571538174, -0.2715936842440381], [0.6196508250241585, -0.8310967517422547], [0.9989310322884547, 0.5122054629880265], [0.9525905341307973, 0.31199268053645435], [1.1397946662262801, 0.2716473559981465], [1.087530687219217, 0.3141255358636952], [1.1395793856143424, 0.34167052581253643], [1.1012297119106895, -0.05111641164862879], [0.8651736272167319, -0.18919057549790474], [0.8360205492769648, -0.4709527808496935], [0.6967577479874912, -0.5836442442865077], [0.6146899818319784, -0.6409401041445749], [-0.6386202978332338, -0.8875198282088244], [0.7781611210405635, -1.1112280634332492], [0.9000003350351049, -0.644238898985086], [0.2339107588052134, 0.033185457591930145], [-0.2262395796490131, 0.35424013657963305], [-0.09326704030648303, -0.3900650977863631], [-0.6044117567592008, -0.5221127236617005], [-0.5649556223617735, 0.39887845737741967], [-0.6552798197857921, -0.012374424377821547], [0.9217405960056715, 0.7079526569772209], [-0.6119008120718379, -0.4701578972352065], [0.8971003847921494, -0.5664923905563254], [-0.11817989970770709, -0.3317696586873591], [0.19982196867460783, 0.15541803407082952], [0.2526541677505989, 0.1987780282939472], [-0.5799234354970091, -0.3052983741292262], [0.930313030535143, -0.3261801603900396], [1.125749791511323, -0.2765413794283651], [-0.6105741930410707, -0.595238652732693], [-0.7566671418080962, 0.5511385357242311], [-0.1871183819191253, -0.33511445189390127], [0.2374052627531874, 0.11027656141804665], [0.1485497880373129, 0.20887121131786285], [-0.22690407323089645, 0.40435593656348545], [0.9520880599604518, 0.7590420796116477], [0.09697015699535934, 0.05747028081381092], [-0.6290142672693841, 0.4277497926197651], [0.9590436767624242, -0.21780428078942798], [-0.740591776970849, 0.011311453486970602], [0.27490327183722285, 0.2734497551416536], [0.8879358349982358, -0.23592185732154752], [1.038377231851542, -0.2657609839965484], [1.064873747128264, -0.35225158132290474], [-0.5626691854926342, 0.5262750931156401], [0.04421554627644638, 0.09014656205732932], [-0.027775456454487233, 0.09010774585389908], [-0.1027369253537608, 0.11944631153943726], [-0.6725746542538321, 0.514312983234272], [-0.7997799272702313, 0.49998216761790704], [-0.4223184936392611, -0.44522650510798406]]}