{"robots": {"blueRobot": {"pos": [1, 0, 1]}, "redRobot": {"pos": [1, 0, -1]}}, "blocks": [[0.873484319937753, 0.8805619448429852], [-0.12380125802910624, 0.48554482733074156], [-0.4001474214912806, -0.056233265166386714], [0.48947574829006785, -0.7442100006634078]]}